City_ID,City,Country,Date,Lat,Lng,Max Temp,Humidity,Cloudiness,Wind Speed,Current Description
0,Provideniya,RU,2020-08-23 20:08:22,64.38,-173.3,50.0,81,90,2.24,overcast clouds
1,Rikitea,PF,2020-08-23 20:03:58,-23.12,-134.97,70.09,84,79,22.08,broken clouds
2,Hobyo,SO,2020-08-23 20:05:00,5.35,48.53,75.97,77,60,24.0,broken clouds
3,Batagay,RU,2020-08-23 20:08:23,67.63,134.63,34.12,93,57,3.6,broken clouds
4,Nizhniy Kuranakh,RU,2020-08-23 20:08:23,58.84,125.49,39.52,78,0,1.48,clear sky
5,Sorong,ID,2020-08-23 20:08:23,-0.88,131.25,77.25,87,81,7.4,broken clouds
6,Grandview,US,2020-08-23 20:08:23,38.89,-94.53,95.0,38,1,9.17,clear sky
7,Avarua,CK,2020-08-23 20:04:49,-21.21,-159.78,75.2,73,0,11.41,clear sky
8,Puerto Ayora,EC,2020-08-23 20:03:54,-0.74,-90.35,77.0,57,59,21.92,broken clouds
9,Bonavista,CA,2020-08-23 20:06:04,48.65,-53.11,62.01,83,32,1.99,scattered clouds
10,Kodiak,US,2020-08-23 20:04:20,57.79,-152.41,60.8,72,90,4.7,overcast clouds
11,Nikolskoye,RU,2020-08-23 20:04:12,59.7,30.79,63.0,82,40,4.47,scattered clouds
12,Polson,US,2020-08-23 20:08:24,47.69,-114.16,82.99,40,0,2.19,clear sky
13,Vaini,TO,2020-08-23 20:03:50,-21.2,-175.2,75.2,94,20,6.93,few clouds
14,Yulara,AU,2020-08-23 19:59:31,-25.24,130.99,55.4,40,0,4.7,clear sky
15,Jamestown,US,2020-08-23 20:02:39,42.1,-79.24,82.0,69,75,5.82,broken clouds
16,Chokurdakh,RU,2020-08-23 20:04:21,70.63,147.92,33.66,91,100,10.8,overcast clouds
17,Hermanus,ZA,2020-08-23 20:04:04,-34.42,19.23,55.99,95,99,6.2,overcast clouds
18,Katsuura,JP,2020-08-23 20:05:10,35.13,140.3,77.0,94,75,8.05,shower rain
19,Cherskiy,RU,2020-08-23 20:04:34,68.75,161.3,38.17,93,100,12.68,light rain
20,Te Anau,NZ,2020-08-23 20:04:34,-45.42,167.72,38.35,88,87,1.57,overcast clouds
21,Butaritari,KI,2020-08-23 20:04:13,3.07,172.79,82.8,69,99,10.87,overcast clouds
22,Ushuaia,AR,2020-08-23 20:08:27,-54.8,-68.3,35.6,74,40,16.11,shower rain
23,Dikson,RU,2020-08-23 20:04:32,73.51,80.55,45.21,82,0,10.96,clear sky
24,Saint George,US,2020-08-23 20:00:51,37.1,-113.58,102.0,23,1,5.82,clear sky
25,Sola,VU,2020-08-23 20:04:02,-13.88,167.55,80.76,83,86,9.78,light rain
26,Albany,US,2020-08-23 19:59:18,42.6,-73.97,82.99,65,75,9.17,thunderstorm
27,Busselton,AU,2020-08-23 20:03:51,-33.65,115.33,43.0,80,0,3.85,clear sky
28,New Norfolk,AU,2020-08-23 20:08:28,-42.78,147.06,37.99,86,15,3.38,few clouds
29,Torbay,CA,2020-08-23 20:04:59,47.67,-52.73,66.2,63,40,5.82,scattered clouds
30,Hilo,US,2020-08-23 19:59:20,19.73,-155.09,82.4,69,90,5.82,overcast clouds
31,Guerrero Negro,MX,2020-08-23 20:04:52,27.98,-114.06,85.3,44,40,17.78,scattered clouds
32,Tasiilaq,GL,2020-08-23 20:04:14,65.61,-37.64,46.4,75,0,6.93,clear sky
33,Aykhal,RU,2020-08-23 20:04:31,66.0,111.5,44.6,70,8,8.95,clear sky
34,Carnarvon,AU,2020-08-23 20:03:54,-24.87,113.63,64.4,77,0,18.34,clear sky
35,Mar Del Plata,AR,2020-08-23 20:03:51,-38.0,-57.56,64.4,39,0,14.99,clear sky
36,Atuona,PF,2020-08-23 20:04:33,-9.8,-139.03,78.42,78,2,16.15,clear sky
37,Korla,CN,2020-08-23 20:03:57,41.76,86.15,77.2,33,0,2.46,clear sky
38,Zhaotong,CN,2020-08-23 20:08:30,27.32,103.72,61.57,91,100,2.66,moderate rain
39,Ponta Do Sol,PT,2020-08-23 20:04:02,32.67,-17.1,77.0,61,20,19.46,few clouds
40,Esperance,AU,2020-08-23 20:05:07,-33.87,121.9,50.0,100,90,8.05,overcast clouds
41,Pauini,BR,2020-08-23 20:08:31,-7.71,-66.98,94.75,25,0,1.23,clear sky
42,Coffs Harbour,AU,2020-08-23 20:08:31,-30.3,153.13,39.99,80,0,6.93,clear sky
43,Srednekolymsk,RU,2020-08-23 20:04:33,67.45,153.68,35.73,85,100,9.33,overcast clouds
44,Riyadh,SA,2020-08-23 20:05:23,24.69,46.72,98.6,13,81,6.93,broken clouds
45,Chimbote,PE,2020-08-23 20:08:31,-9.09,-78.58,66.22,67,6,9.51,clear sky
46,Naze,JP,2020-08-23 20:06:14,28.37,129.48,78.8,94,99,4.7,moderate rain
47,Saskylakh,RU,2020-08-23 20:04:17,71.92,114.08,39.6,86,0,7.38,clear sky
48,Hambantota,LK,2020-08-23 20:05:00,6.12,81.12,79.34,84,0,11.41,clear sky
49,Arraial Do Cabo,BR,2020-08-23 20:04:05,-22.97,-42.03,71.6,64,75,11.41,broken clouds
50,Yerbogachen,RU,2020-08-23 20:08:32,61.28,108.01,45.97,64,13,7.0,few clouds
51,Bredasdorp,ZA,2020-08-23 20:03:57,-34.53,20.04,55.4,87,100,2.24,overcast clouds
52,Grand Gaube,MU,2020-08-23 20:05:09,-20.01,57.66,66.99,82,35,5.01,moderate rain
53,Nefteyugansk,RU,2020-08-23 20:08:33,61.1,72.6,53.6,100,61,2.24,broken clouds
54,Namibe,AO,2020-08-23 19:59:46,-15.2,12.15,66.88,86,86,1.45,overcast clouds
55,Lorengau,PG,2020-08-23 20:04:40,-2.02,147.27,79.03,79,100,7.49,moderate rain
56,Gualaco,HN,2020-08-23 20:08:33,15.05,-86.05,81.72,74,100,2.06,moderate rain
57,San Juan Tilapa,MX,2020-08-23 20:08:33,19.22,-99.66,68.0,42,75,5.82,broken clouds
58,Vao,NC,2020-08-23 20:05:08,-22.67,167.48,70.27,78,99,12.86,overcast clouds
59,Mezen,RU,2020-08-23 20:08:34,65.85,44.24,57.67,95,100,10.56,light rain
60,Hithadhoo,MV,2020-08-23 20:04:47,-0.6,73.08,82.51,79,55,13.44,light rain
61,Punta Arenas,CL,2020-08-23 20:03:54,-53.15,-70.92,33.8,71,75,26.4,light shower snow
62,Barrow,US,2020-08-23 20:04:22,71.29,-156.79,41.0,93,90,3.36,mist
63,Mount Gambier,AU,2020-08-23 20:04:49,-37.83,140.77,39.2,93,90,6.93,overcast clouds
64,Midland,US,2020-08-23 20:03:54,32.0,-102.08,93.99,28,40,11.41,scattered clouds
65,Yellowknife,CA,2020-08-23 20:06:45,62.46,-114.35,59.0,54,40,8.05,scattered clouds
66,Mahebourg,MU,2020-08-23 20:04:10,-20.41,57.7,71.6,73,40,17.22,scattered clouds
67,Porto Belo,BR,2020-08-23 20:08:35,-27.16,-48.55,63.0,82,75,3.36,broken clouds
68,Lebu,CL,2020-08-23 20:04:00,-37.62,-73.65,50.97,91,100,19.42,light rain
69,Fort Wellington,GY,2020-08-23 20:08:35,6.4,-57.6,85.12,66,97,8.68,overcast clouds
70,Vestmannaeyjar,IS,2020-08-23 20:05:31,63.44,-20.27,52.86,74,93,6.76,overcast clouds
71,Rolla,US,2020-08-23 20:04:43,37.95,-91.77,90.0,43,1,10.29,clear sky
72,Mataura,NZ,2020-08-23 20:03:56,-46.19,168.86,42.01,94,11,1.01,few clouds
73,Faanui,PF,2020-08-23 20:04:46,-16.48,-151.75,76.26,78,24,19.19,few clouds
74,Antalaha,MG,2020-08-23 20:08:36,-14.9,50.28,67.66,86,67,7.83,light rain
75,Kununurra,AU,2020-08-23 20:05:14,-15.77,128.73,59.0,30,0,1.12,clear sky
76,Bethel,US,2020-08-23 20:03:51,41.37,-73.41,88.0,51,20,10.29,few clouds
77,Puri,IN,2020-08-23 20:08:37,19.8,85.85,78.8,100,75,4.7,haze
78,Straumen,NO,2020-08-23 20:08:37,63.87,11.3,52.0,81,75,18.34,broken clouds
79,Ilulissat,GL,2020-08-23 20:04:28,69.22,-51.1,46.4,52,0,3.36,clear sky
80,Ambilobe,MG,2020-08-23 20:08:37,-13.2,49.05,67.84,77,71,4.21,broken clouds
81,Adrar,MR,2020-08-23 20:04:30,20.5,-10.07,103.46,15,16,14.85,few clouds
82,Kaitangata,NZ,2020-08-23 20:04:05,-46.28,169.85,52.0,90,97,11.99,overcast clouds
83,Kashi,CN,2020-08-23 20:08:38,39.45,75.98,82.4,32,0,8.95,clear sky
84,Porto Velho,BR,2020-08-23 20:08:38,-8.76,-63.9,86.0,37,0,3.36,clear sky
85,Nishihara,JP,2020-08-23 20:08:39,26.18,127.76,82.4,83,90,25.28,mist
86,Ugoofaaru,MV,2020-08-23 20:08:39,5.67,73.0,83.44,70,74,6.13,light rain
87,Kapaa,US,2020-08-23 20:04:00,22.08,-159.32,84.99,74,40,12.75,scattered clouds
88,Grabovo,RU,2020-08-23 20:08:40,53.39,45.06,63.0,50,0,1.83,clear sky
89,Pinega,RU,2020-08-23 20:08:40,64.7,43.39,58.96,94,100,8.88,overcast clouds
90,Waipawa,NZ,2020-08-23 20:08:41,-41.41,175.52,55.4,82,100,12.75,overcast clouds
91,Laguna,US,2020-08-23 20:04:26,38.42,-121.42,93.0,24,90,6.93,haze
92,Port Elizabeth,ZA,2020-08-23 20:01:20,-33.92,25.57,60.8,77,95,6.93,overcast clouds
93,Sechura,PE,2020-08-23 20:04:51,-5.56,-80.82,75.16,47,8,15.23,clear sky
94,Dhidhdhoo,MV,2020-08-23 20:08:41,6.88,73.1,83.08,73,50,8.95,moderate rain
95,Catarama,EC,2020-08-23 20:08:41,-1.58,-79.47,94.01,34,26,3.29,scattered clouds
96,Longyearbyen,SJ,2020-08-23 20:04:44,78.22,15.64,46.4,61,3,8.05,clear sky
97,Miles City,US,2020-08-23 20:08:42,46.41,-105.84,82.4,21,1,12.75,clear sky
98,Saldanha,ZA,2020-08-23 20:04:21,-33.01,17.94,55.4,87,90,6.93,overcast clouds
99,Konstantinovka,RU,2020-08-23 20:08:42,49.62,127.98,59.7,88,85,3.56,overcast clouds
100,Narsaq,GL,2020-08-23 20:08:43,60.92,-46.05,57.2,58,0,9.17,clear sky
101,Coruripe,BR,2020-08-23 20:08:43,-10.13,-36.18,75.6,77,41,7.72,scattered clouds
102,Jinxiang,CN,2020-08-23 20:08:43,22.86,115.7,81.36,79,99,4.7,overcast clouds
103,Severo-Kurilsk,RU,2020-08-23 20:04:09,50.68,156.12,51.31,82,31,0.74,scattered clouds
104,Lagoa,PT,2020-08-23 19:59:35,39.05,-27.98,73.56,89,0,15.17,clear sky
105,Kitchener,CA,2020-08-23 20:08:15,43.43,-80.51,89.01,42,20,5.82,few clouds
106,Cam Ranh,VN,2020-08-23 20:04:39,11.92,109.16,82.4,88,20,4.7,few clouds
107,Asau,RO,2020-08-23 20:05:06,46.43,26.4,64.0,90,0,2.75,clear sky
108,Tuatapere,NZ,2020-08-23 20:04:18,-46.13,167.68,42.01,94,85,1.01,overcast clouds
109,East London,ZA,2020-08-23 20:04:01,-33.02,27.91,61.36,74,6,6.24,clear sky
110,Winchester,GB,2020-08-23 20:08:45,51.07,-1.32,60.8,72,100,10.29,overcast clouds
111,Delijan,IR,2020-08-23 20:08:45,33.99,50.68,73.72,21,0,5.06,clear sky
112,Port Alfred,ZA,2020-08-23 19:59:23,-33.59,26.89,57.87,83,9,9.66,clear sky
113,Thompson,CA,2020-08-23 20:04:03,55.74,-97.86,51.8,100,90,5.82,light rain
114,Acarau,BR,2020-08-23 20:04:22,-2.89,-40.12,80.37,68,0,21.09,clear sky
115,Kaihua,CN,2020-08-23 20:08:46,23.37,104.28,64.78,93,38,3.83,scattered clouds
116,Cabo San Lucas,MX,2020-08-23 20:02:54,22.89,-109.91,93.2,55,20,9.17,few clouds
117,Samarai,PG,2020-08-23 20:08:46,-10.62,150.67,75.29,76,100,14.32,overcast clouds
118,Bystryy Istok,RU,2020-08-23 20:08:46,52.37,84.39,53.4,87,34,4.97,scattered clouds
119,Grindavik,IS,2020-08-23 20:05:41,63.84,-22.43,53.6,66,2,6.93,clear sky
120,Chuy,UY,2020-08-23 20:04:30,-33.7,-53.46,59.32,71,0,10.67,clear sky
121,Oxford,GB,2020-08-23 20:06:20,51.75,-1.26,62.6,67,20,8.05,few clouds
122,Georgetown,MY,2020-08-23 19:59:24,5.41,100.34,80.01,94,20,3.36,few clouds
123,Husavik,IS,2020-08-23 20:04:58,66.04,-17.34,51.8,71,76,4.7,broken clouds
124,Cape Town,ZA,2020-08-23 20:04:29,-33.93,18.42,60.01,82,40,10.29,scattered clouds
125,Rafraf,TN,2020-08-23 20:08:47,37.19,10.18,80.6,51,0,18.34,clear sky
126,Salalah,OM,2020-08-23 20:05:22,17.02,54.09,77.0,100,90,4.7,overcast clouds
127,Hasaki,JP,2020-08-23 20:03:57,35.73,140.83,75.2,100,75,4.7,mist
128,Marica,BR,2020-08-23 20:08:48,-22.92,-42.82,71.6,64,20,14.99,few clouds
129,Muisne,EC,2020-08-23 20:05:51,0.6,-80.03,82.4,74,75,6.93,broken clouds
130,Grimshaw,CA,2020-08-23 20:08:48,56.18,-117.6,60.8,67,75,11.41,broken clouds
131,Ahipara,NZ,2020-08-23 20:04:57,-35.17,173.17,55.62,80,89,17.25,light rain
132,Fairbanks,US,2020-08-23 20:00:04,64.84,-147.72,63.0,72,20,0.94,haze
133,Bilibino,RU,2020-08-23 20:04:36,68.05,166.44,38.71,89,100,4.27,overcast clouds
134,Bluff,NZ,2020-08-23 20:01:04,-46.6,168.33,42.01,94,63,1.01,broken clouds
135,Broome,US,2020-08-23 20:04:32,42.25,-75.83,84.0,64,1,11.41,thunderstorm
136,Vostok,RU,2020-08-23 20:05:21,46.49,135.88,52.66,87,96,3.47,overcast clouds
137,Bulaevo,KZ,2020-08-23 20:08:50,54.91,70.44,51.69,95,100,6.98,overcast clouds
138,Codrington,AU,2020-08-23 20:03:58,-38.27,141.97,42.87,79,94,7.56,overcast clouds
139,Opuwo,NA,2020-08-23 20:04:51,-18.06,13.84,62.51,31,5,4.61,clear sky
140,Jacareacanga,BR,2020-08-23 20:08:50,-6.22,-57.75,100.87,18,0,1.86,clear sky
141,Ust-Ilimsk,RU,2020-08-23 20:08:50,58.0,102.66,56.01,89,100,1.83,light rain
142,Kavaratti,IN,2020-08-23 20:05:02,10.57,72.64,82.17,80,92,13.2,overcast clouds
143,Araouane,ML,2020-08-23 20:08:51,18.9,-3.53,99.75,26,2,10.83,clear sky
144,Souillac,MU,2020-08-23 20:04:43,-20.52,57.52,71.6,73,40,17.22,scattered clouds
145,Bayir,TR,2020-08-23 20:08:51,37.27,28.22,75.2,69,0,1.12,clear sky
146,Leningradskiy,RU,2020-08-23 20:04:21,69.38,178.42,44.22,86,97,12.41,overcast clouds
147,Pochutla,MX,2020-08-23 20:08:51,15.74,-96.47,86.0,70,90,5.61,overcast clouds
148,Imeni Poliny Osipenko,RU,2020-08-23 20:08:52,52.42,136.49,51.96,76,100,2.93,overcast clouds
149,Gazanjyk,TM,2020-08-23 20:04:02,39.24,55.52,76.32,33,0,9.26,clear sky
150,Waren,DE,2020-08-23 20:08:52,53.52,12.68,63.0,83,0,9.48,clear sky
151,Kemi,FI,2020-08-23 20:08:52,65.86,24.82,60.8,87,22,12.75,few clouds
152,Shingu,JP,2020-08-23 20:08:52,33.73,135.98,74.26,89,2,3.38,clear sky
153,Marrakesh,MA,2020-08-23 20:03:55,31.63,-8.01,95.0,23,40,12.75,scattered clouds
154,Martapura,ID,2020-08-23 20:08:53,-3.42,114.85,73.4,88,0,2.24,clear sky
155,Upernavik,GL,2020-08-23 20:04:18,72.79,-56.15,44.53,84,94,7.31,overcast clouds
156,Livingston,GB,2020-08-23 20:08:53,55.9,-3.52,55.99,87,90,4.7,overcast clouds
157,Awbari,LY,2020-08-23 20:07:49,26.59,12.78,82.72,21,0,7.36,clear sky
158,Touros,BR,2020-08-23 20:08:53,-5.2,-35.46,80.6,61,20,14.99,few clouds
159,Bosaso,SO,2020-08-23 20:08:54,11.28,49.18,93.11,38,32,15.75,scattered clouds
160,Port Lincoln,AU,2020-08-23 20:05:15,-34.73,135.87,47.7,80,62,2.73,broken clouds
161,Usinsk,RU,2020-08-23 20:04:54,65.99,57.53,46.02,81,0,5.61,clear sky
162,Nago,JP,2020-08-23 20:06:04,26.59,127.98,80.6,94,75,14.99,heavy intensity rain
163,Ulladulla,AU,2020-08-23 20:08:54,-35.35,150.47,46.4,61,0,14.99,clear sky
164,Meulaboh,ID,2020-08-23 20:05:09,4.14,96.13,77.34,83,100,3.69,overcast clouds
165,Ahtopol,BG,2020-08-23 20:08:56,42.1,27.95,75.2,78,40,5.82,scattered clouds
166,Viedma,AR,2020-08-23 20:06:23,-40.81,-63.0,66.99,29,100,11.01,overcast clouds
167,Keti Bandar,PK,2020-08-23 20:08:56,24.14,67.45,83.53,83,100,20.4,overcast clouds
168,Lavrentiya,RU,2020-08-23 20:04:44,65.58,-171.0,46.99,93,100,4.63,overcast clouds
169,Tuktoyaktuk,CA,2020-08-23 20:03:51,69.45,-133.04,62.6,67,40,13.87,scattered clouds
170,Konstantinovskaya,RU,2020-08-23 20:08:57,44.05,43.16,59.0,82,58,2.24,broken clouds
171,Khor,RU,2020-08-23 20:08:57,47.89,134.95,59.09,90,100,4.54,overcast clouds
172,Biloela,AU,2020-08-23 20:08:57,-24.42,150.5,44.69,58,0,4.94,clear sky
173,Saint-Philippe,RE,2020-08-23 20:04:18,-21.36,55.77,69.8,77,36,6.93,scattered clouds
174,Katangli,RU,2020-08-23 20:05:51,51.71,143.23,50.9,97,78,3.29,broken clouds
175,Sebastian,US,2020-08-23 20:08:57,35.17,-94.27,89.6,46,20,3.36,few clouds
176,Qaanaaq,GL,2020-08-23 20:04:00,77.48,-69.36,37.09,85,100,3.85,overcast clouds
177,Beringovskiy,RU,2020-08-23 20:05:18,63.05,179.32,52.93,81,10,3.96,clear sky
178,Bengkulu,ID,2020-08-23 20:05:28,-3.8,102.27,76.21,87,100,5.28,overcast clouds
179,Capreol,CA,2020-08-23 20:08:39,46.71,-80.92,71.01,94,90,10.29,overcast clouds
180,Aklavik,CA,2020-08-23 20:04:21,68.22,-135.01,62.6,67,75,11.41,broken clouds
181,Khatanga,RU,2020-08-23 20:04:54,71.97,102.5,53.37,65,84,8.59,broken clouds
182,Elizabeth City,US,2020-08-23 20:08:58,36.29,-76.25,91.0,62,20,13.87,few clouds
183,Dayong,CN,2020-08-23 20:08:59,25.02,118.29,82.4,88,0,4.47,clear sky
184,Valparaiso,CL,2020-08-23 19:59:56,-33.04,-71.63,57.2,66,58,13.87,broken clouds
185,Kavieng,PG,2020-08-23 20:04:45,-2.57,150.8,78.26,86,100,8.23,light rain
186,Fortuna,US,2020-08-23 20:04:10,40.6,-124.16,69.01,77,20,9.17,few clouds
187,Manta,EC,2020-08-23 20:08:59,-0.95,-80.73,77.0,78,75,10.29,broken clouds
188,Tete,MZ,2020-08-23 20:08:59,-16.16,33.59,69.8,56,17,4.7,few clouds
189,Behshahr,IR,2020-08-23 20:09:00,36.69,53.55,73.17,67,100,6.02,overcast clouds
190,Labuhan,ID,2020-08-23 20:04:23,-6.88,112.21,77.13,81,15,6.78,few clouds
191,Victoria,HK,2020-08-23 19:59:33,22.29,114.16,84.0,79,1,10.0,clear sky
192,Ixtapa,MX,2020-08-23 20:05:20,20.7,-105.2,89.01,62,20,5.82,few clouds
193,Hobart,AU,2020-08-23 19:59:18,-42.88,147.33,41.0,75,75,8.05,broken clouds
194,Galesburg,US,2020-08-23 20:09:01,40.95,-90.37,90.0,52,1,5.82,clear sky
195,Huambo,AO,2020-08-23 20:09:01,-12.78,15.74,65.93,44,89,1.79,overcast clouds
196,Kovur,IN,2020-08-23 20:09:01,14.48,79.98,83.37,74,100,5.28,light rain
197,Honiara,SB,2020-08-23 20:09:01,-9.43,159.95,75.2,100,90,6.93,light rain
198,Abalak,RU,2020-08-23 20:09:01,58.13,68.59,50.4,93,73,6.76,broken clouds
199,Castro,BR,2020-08-23 20:04:33,-24.79,-50.01,54.95,76,16,10.49,few clouds
200,Khonsa,IN,2020-08-23 20:09:02,27.02,95.57,69.85,92,100,2.8,light rain
201,Belyy Yar,RU,2020-08-23 20:05:39,53.6,91.39,59.0,72,77,8.95,broken clouds
202,Scottsbluff,US,2020-08-23 20:09:02,41.87,-103.67,97.0,38,1,10.29,clear sky
203,Abu Kamal,SY,2020-08-23 20:09:02,34.45,40.92,84.2,21,0,15.03,clear sky
204,Kundiawa,PG,2020-08-23 20:09:02,-6.02,144.97,60.8,80,100,0.98,overcast clouds
205,Sao Filipe,CV,2020-08-23 20:04:02,14.9,-24.5,79.9,80,78,4.97,broken clouds
206,Tiksi,RU,2020-08-23 20:04:20,71.69,128.87,38.66,83,100,10.45,overcast clouds
207,Krasnoarmeysk,RU,2020-08-23 20:09:03,51.02,45.7,64.0,44,0,4.0,clear sky
208,Lubango,AO,2020-08-23 20:09:03,-14.92,13.49,58.96,60,29,0.67,scattered clouds
209,Norman Wells,CA,2020-08-23 20:03:50,65.28,-126.83,68.0,52,20,17.22,few clouds
210,Bilma,NE,2020-08-23 20:07:48,18.69,12.92,92.41,36,15,12.33,moderate rain
211,Troitskoye,RU,2020-08-23 20:09:04,52.98,84.68,51.55,85,7,5.61,clear sky
212,Nuuk,GL,2020-08-23 20:09:04,64.18,-51.72,41.0,93,86,4.7,overcast clouds
213,Ust-Maya,RU,2020-08-23 20:05:22,60.42,134.53,38.3,77,88,0.74,overcast clouds
214,Najran,SA,2020-08-23 20:09:04,17.49,44.13,91.4,17,100,4.7,overcast clouds
215,Omboue,GA,2020-08-23 20:04:39,-1.57,9.26,74.01,77,100,9.6,overcast clouds
216,San Patricio,MX,2020-08-23 20:05:42,19.22,-104.7,91.4,66,40,11.41,scattered clouds
217,Taoudenni,ML,2020-08-23 20:05:45,22.68,-3.98,106.18,7,0,13.58,clear sky
218,Senneterre,CA,2020-08-23 20:09:05,48.38,-77.23,77.0,44,40,5.82,scattered clouds
219,Pingliang,CN,2020-08-23 20:09:05,35.54,106.69,59.34,67,0,5.91,clear sky
220,Moron,AR,2020-08-23 20:04:35,-34.65,-58.62,68.0,37,0,14.99,clear sky
221,Angoche,MZ,2020-08-23 20:09:06,-16.23,39.91,71.02,78,2,7.9,clear sky
222,Porto Walter,BR,2020-08-23 20:04:36,-8.27,-72.74,90.03,39,38,1.34,scattered clouds
223,Kochubey,RU,2020-08-23 20:09:06,44.39,46.58,68.74,43,38,5.08,scattered clouds
224,Pevek,RU,2020-08-23 20:05:01,69.7,170.31,37.72,95,100,5.35,overcast clouds
225,Alihe,CN,2020-08-23 20:09:06,50.57,123.72,58.46,93,100,1.79,overcast clouds
226,Ribeira Grande,PT,2020-08-23 20:04:30,38.52,-28.7,75.2,88,40,8.05,scattered clouds
227,Port-Gentil,GA,2020-08-23 20:04:35,-0.72,8.78,78.8,74,75,14.05,broken clouds
228,Lakes Entrance,AU,2020-08-23 20:09:07,-37.88,147.98,46.0,80,44,1.01,scattered clouds
229,Kruisfontein,ZA,2020-08-23 20:04:38,-34.0,24.73,55.99,86,100,1.01,overcast clouds
230,Skowhegan,US,2020-08-23 20:09:07,44.77,-69.72,75.0,74,100,3.0,overcast clouds
231,Coahuayana,MX,2020-08-23 20:04:36,18.73,-103.68,80.6,83,75,9.17,broken clouds
232,Huilong,CN,2020-08-23 20:05:58,31.81,121.66,82.99,90,0,6.35,clear sky
233,Jilin,CN,2020-08-23 20:09:08,43.0,126.0,64.2,92,100,3.38,light rain
234,Portland,US,2020-08-23 20:04:47,45.52,-122.68,77.0,53,1,5.82,clear sky
235,Makaryev,RU,2020-08-23 20:09:08,57.88,43.81,59.5,73,100,5.44,overcast clouds
236,Sham Churasi,IN,2020-08-23 20:09:08,31.5,75.75,80.62,77,0,7.76,clear sky
237,Half Moon Bay,US,2020-08-23 20:02:39,37.46,-122.43,80.01,60,75,13.87,haze
238,Constitucion,CL,2020-08-23 20:05:45,-35.33,-72.42,53.51,74,100,18.59,overcast clouds
239,Hovd,MN,2020-08-23 20:05:05,48.01,91.64,59.49,44,29,9.15,scattered clouds
240,Labranzagrande,CO,2020-08-23 20:09:09,5.56,-72.58,72.41,74,81,3.67,moderate rain
241,Cayenne,GF,2020-08-23 20:05:08,4.93,-52.33,86.0,74,7,11.41,light rain
242,Natal,BR,2020-08-23 20:09:09,-5.79,-35.21,80.6,61,17,18.34,few clouds
243,Kahului,US,2020-08-23 19:59:30,20.89,-156.47,87.8,43,20,20.8,few clouds
244,Buenaventura,CO,2020-08-23 20:04:33,3.88,-77.03,82.74,73,54,6.98,light rain
245,Benghazi,LY,2020-08-23 20:09:10,32.12,20.07,79.41,74,0,12.5,clear sky
246,Pacific Grove,US,2020-08-23 20:04:58,36.62,-121.92,80.01,60,40,3.36,haze
247,Nisia Floresta,BR,2020-08-23 20:09:10,-6.09,-35.21,80.6,61,32,18.34,scattered clouds
248,Davila,PH,2020-08-23 20:09:11,18.47,120.58,81.23,76,59,17.92,broken clouds
249,Turukhansk,RU,2020-08-23 20:09:11,65.82,87.98,52.23,89,59,9.08,broken clouds
250,Ushtobe,KZ,2020-08-23 20:09:11,45.25,77.98,71.19,25,93,6.04,overcast clouds
251,Rocha,UY,2020-08-23 20:03:55,-34.48,-54.33,60.4,68,0,7.87,clear sky
252,Les Cayes,HT,2020-08-23 20:09:11,18.2,-73.75,78.03,87,100,18.84,moderate rain
253,Coihaique,CL,2020-08-23 20:05:10,-45.58,-72.07,37.4,86,90,3.36,light rain
254,Nedjo,ET,2020-08-23 20:07:06,9.5,35.5,58.71,99,100,3.09,light rain
255,Honningsvag,NO,2020-08-23 20:07:49,70.98,25.97,55.4,82,75,13.87,broken clouds
256,Russell,US,2020-08-23 20:09:12,32.35,-85.2,89.6,52,75,14.99,broken clouds
257,Adeje,ES,2020-08-23 20:09:12,28.12,-16.73,84.2,35,1,17.22,clear sky
258,Isla Mujeres,MX,2020-08-23 20:09:12,21.23,-86.73,84.99,94,90,10.04,overcast clouds
259,Ponta Delgada,PT,2020-08-23 20:09:12,37.73,-25.67,75.2,78,20,12.75,few clouds
260,Flin Flon,CA,2020-08-23 20:05:03,54.77,-101.86,71.6,40,75,24.16,broken clouds
261,Santa Cruz,BO,2020-08-23 20:05:50,-17.8,-63.17,78.8,36,0,14.99,clear sky
262,Monrovia,LR,2020-08-23 20:09:13,6.3,-10.8,77.0,94,75,16.35,broken clouds
263,Iisalmi,FI,2020-08-23 20:09:13,63.56,27.19,57.2,93,1,9.17,clear sky
264,Luanda,AO,2020-08-23 20:07:28,-8.84,13.23,71.6,88,75,4.7,broken clouds
265,Sale,MA,2020-08-23 20:09:13,34.04,-6.82,73.4,83,0,3.0,clear sky
266,Kaeo,NZ,2020-08-23 20:09:14,-35.1,173.78,55.99,3,91,8.01,light rain
267,Naousa,GR,2020-08-23 20:09:14,40.63,22.05,79.0,64,0,0.76,clear sky
268,Oktyabrskoye,RU,2020-08-23 20:09:14,43.06,44.74,59.0,93,89,4.47,light rain
269,Bambous Virieux,MU,2020-08-23 20:04:24,-20.34,57.76,71.6,73,40,17.22,scattered clouds
270,Nome,US,2020-08-23 19:59:29,64.5,-165.41,53.6,81,90,5.82,overcast clouds
271,Kalianget,ID,2020-08-23 20:09:14,-7.05,113.93,78.62,81,3,12.53,clear sky
272,Jieshi,CN,2020-08-23 20:09:15,22.81,115.83,81.82,81,8,5.3,clear sky
273,Glyadyanskoye,RU,2020-08-23 20:09:15,54.91,65.09,52.03,94,23,6.82,few clouds
274,Sabang,ID,2020-08-23 20:09:15,5.89,95.32,83.68,69,31,6.26,scattered clouds
275,Huarmey,PE,2020-08-23 20:09:15,-10.07,-78.15,67.42,64,10,8.3,clear sky
276,Brownfield,US,2020-08-23 20:09:15,33.18,-102.27,93.99,29,0,3.0,clear sky
277,Hofn,IS,2020-08-23 20:09:15,64.25,-15.21,51.85,75,100,3.98,overcast clouds
278,Duldurga,RU,2020-08-23 20:09:16,50.68,113.59,52.9,89,97,3.8,overcast clouds
279,Waihi Beach,NZ,2020-08-23 20:09:16,-37.4,175.93,57.0,78,82,1.99,light rain
280,Gualaquiza,EC,2020-08-23 20:09:16,-3.4,-78.55,75.7,58,35,4.63,light rain
281,Aksha,RU,2020-08-23 20:09:16,50.28,113.29,53.42,85,82,4.76,broken clouds
282,Bintulu,MY,2020-08-23 20:09:18,3.17,113.03,75.2,94,40,4.7,light rain
283,Kamina,CD,2020-08-23 20:09:19,-8.74,24.99,70.09,46,20,1.36,few clouds
284,Caraquet,CA,2020-08-23 20:09:19,47.79,-64.94,71.01,82,75,2.24,light rain
285,Zeya,RU,2020-08-23 20:09:19,53.75,127.27,55.78,89,100,4.72,light rain
286,Margate,GB,2020-08-23 20:04:25,51.38,1.39,66.0,78,100,1.99,light rain
287,Dali,CN,2020-08-23 20:09:19,25.7,100.18,61.83,86,52,3.85,broken clouds
288,Neosho,US,2020-08-23 20:09:15,36.87,-94.37,93.0,40,0,4.0,clear sky
289,Sanchor,IN,2020-08-23 20:09:20,24.76,71.77,81.61,83,100,12.73,light rain
290,Zanjan,IR,2020-08-23 20:09:20,36.67,48.48,56.79,74,26,7.45,scattered clouds
291,Xinzhou,CN,2020-08-23 20:09:20,38.41,112.73,64.67,90,100,2.35,overcast clouds
292,Sinsheim,DE,2020-08-23 20:09:20,49.25,8.88,64.0,62,0,6.58,clear sky
293,Yozgat,TR,2020-08-23 20:09:20,39.58,35.33,56.28,69,0,6.8,clear sky
294,Chicama,PE,2020-08-23 20:05:07,-7.84,-79.15,72.88,50,1,10.16,clear sky
295,Port Blair,IN,2020-08-23 20:05:15,11.67,92.75,81.25,83,99,8.88,overcast clouds
296,Padang,ID,2020-08-23 20:01:06,-0.95,100.35,78.51,72,97,4.36,overcast clouds
297,Belize,BZ,2020-08-23 20:09:21,17.25,-88.75,95.0,50,100,3.0,overcast clouds
298,Airai,TL,2020-08-23 20:03:55,-8.93,125.41,57.24,36,65,4.07,broken clouds
299,Ostrovnoy,RU,2020-08-23 20:04:51,68.05,39.51,58.23,89,37,17.16,scattered clouds
300,Irbeyskoye,RU,2020-08-23 20:09:21,55.64,95.45,52.57,81,70,2.86,broken clouds
301,Klaksvik,FO,2020-08-23 20:04:47,62.23,-6.59,46.4,81,79,8.05,broken clouds
302,Krasnokholmskiy,RU,2020-08-23 20:09:22,55.99,55.05,54.9,86,0,3.47,clear sky
303,Baruun-Urt,MN,2020-08-23 20:05:52,46.68,113.28,54.82,85,0,2.48,clear sky
304,Flinders,AU,2020-08-23 20:09:22,-34.58,150.86,48.99,62,0,8.01,clear sky
305,Nagaur,IN,2020-08-23 20:09:22,27.2,73.73,84.27,71,2,7.9,clear sky
306,Cairns,AU,2020-08-23 20:04:25,-16.92,145.77,59.0,77,62,4.7,broken clouds
307,Sakaraha,MG,2020-08-23 20:09:23,-22.9,44.53,63.43,72,0,2.66,clear sky
308,Caravelas,BR,2020-08-23 20:05:34,-17.71,-39.25,67.87,89,100,14.85,light rain
309,Atar,MR,2020-08-23 20:08:02,20.52,-13.05,102.72,20,23,10.96,few clouds
310,Nanortalik,GL,2020-08-23 20:04:40,60.14,-45.24,46.96,78,0,5.01,clear sky
311,Pitkyaranta,RU,2020-08-23 20:09:23,61.57,31.48,62.08,82,12,13.56,few clouds
312,Lahat,ID,2020-08-23 20:09:24,-3.8,103.53,71.69,90,100,2.35,overcast clouds
313,Deqing,CN,2020-08-23 20:09:24,30.54,119.96,81.0,83,0,4.47,clear sky
314,Namatanai,PG,2020-08-23 20:05:08,-3.67,152.43,78.21,83,99,4.99,light rain
315,Raudeberg,NO,2020-08-23 20:09:24,61.99,5.14,48.0,88,88,14.41,light rain
316,Myitkyina,MM,2020-08-23 20:09:24,25.38,97.4,74.73,96,100,0.69,moderate rain
317,Tupik,RU,2020-08-23 20:09:24,54.43,119.93,50.54,87,100,6.02,light rain
318,Qasigiannguit,GL,2020-08-23 20:06:04,68.82,-51.19,46.4,52,0,3.36,clear sky
319,Ozinki,RU,2020-08-23 20:09:25,51.18,49.68,60.35,68,0,6.76,clear sky
320,Vila Franca Do Campo,PT,2020-08-23 20:04:09,37.72,-25.43,75.2,78,20,12.75,few clouds
321,Acapulco,MX,2020-08-23 20:05:19,16.86,-99.89,84.2,79,40,3.36,scattered clouds
322,Ukiah,US,2020-08-23 20:07:01,39.15,-123.21,91.99,32,20,3.36,few clouds
323,Chirongui,YT,2020-08-23 20:09:25,-12.93,45.15,71.6,88,27,5.82,scattered clouds
324,Monte Patria,CL,2020-08-23 20:09:26,-30.69,-70.95,62.55,45,0,5.75,clear sky
325,Hamilton,US,2020-08-23 19:59:37,39.18,-84.53,86.0,61,75,3.89,broken clouds
326,Puerto Escondido,MX,2020-08-23 20:09:26,15.85,-97.07,84.2,66,90,10.29,overcast clouds
327,Harper,LR,2020-08-23 20:05:03,4.38,-7.72,76.77,78,88,9.28,overcast clouds
328,Makakilo City,US,2020-08-23 20:04:16,21.35,-158.09,84.2,62,40,6.93,scattered clouds
329,Ajjampur,IN,2020-08-23 20:09:27,13.73,76.01,70.48,87,39,9.93,scattered clouds
330,Komsomolskiy,UZ,2020-08-23 20:05:10,40.43,71.72,77.0,36,0,6.93,clear sky
331,Porto Novo,BJ,2020-08-23 20:09:12,6.5,2.6,77.0,88,20,12.75,few clouds
332,Lompoc,US,2020-08-23 20:04:51,34.64,-120.46,73.99,78,1,6.93,clear sky
333,Beyneu,KZ,2020-08-23 20:04:27,45.32,55.2,70.72,46,100,8.34,overcast clouds
334,Gizo,SB,2020-08-23 20:09:28,-8.1,156.84,79.83,84,100,23.2,moderate rain
335,Cidreira,BR,2020-08-23 20:03:33,-30.18,-50.21,61.11,77,0,16.26,clear sky
336,Goya,AR,2020-08-23 20:08:55,-29.14,-59.26,71.76,40,0,10.4,clear sky
337,Karratha,AU,2020-08-23 20:04:27,-20.74,116.85,72.77,43,71,5.19,broken clouds
338,Bartica,GY,2020-08-23 20:09:28,6.4,-58.62,78.8,83,75,9.17,thunderstorm with heavy rain
339,Sembe,CG,2020-08-23 20:09:29,1.65,14.58,71.04,93,99,0.72,moderate rain
340,Champerico,GT,2020-08-23 20:09:29,14.3,-91.92,86.0,66,75,11.41,broken clouds
341,Bathsheba,BB,2020-08-23 20:06:06,13.22,-59.52,87.8,66,20,11.41,shower rain
342,Santa Cruz Del Sur,CU,2020-08-23 20:04:31,20.71,-78.0,89.29,69,95,14.52,moderate rain
343,Jiuquan,CN,2020-08-23 20:09:29,39.74,98.52,68.23,25,0,4.41,clear sky
344,San Cristobal,VE,2020-08-23 20:05:19,7.77,-72.22,89.6,46,40,18.34,scattered clouds
345,Paungde,MM,2020-08-23 20:09:30,18.48,95.5,75.45,93,100,11.14,overcast clouds
346,Luderitz,NA,2020-08-23 20:06:03,-26.65,15.16,60.22,67,0,7.36,clear sky
347,Geraldton,AU,2020-08-23 20:03:56,-28.77,114.6,48.2,93,75,6.93,broken clouds
348,Vila Praia De Ancora,PT,2020-08-23 20:09:30,41.81,-8.85,73.0,78,4,5.82,clear sky
349,Esil,KZ,2020-08-23 20:09:30,51.96,66.4,56.44,79,0,4.88,clear sky
350,Stornoway,GB,2020-08-23 20:05:01,58.21,-6.39,50.0,71,37,5.82,scattered clouds
351,Siderno,IT,2020-08-23 20:09:31,38.28,16.3,81.0,69,1,13.87,clear sky
352,Lalmohan,BD,2020-08-23 20:09:31,22.34,90.74,81.12,85,96,5.7,light rain
353,Zyryanka,RU,2020-08-23 20:05:51,65.75,150.85,37.78,85,99,9.13,overcast clouds
354,Nelson Bay,AU,2020-08-23 20:05:16,-32.72,152.15,50.0,66,0,19.46,clear sky
355,Aswan,EG,2020-08-23 20:09:31,24.09,32.91,90.19,20,0,11.54,clear sky
356,Shache,CN,2020-08-23 20:06:15,38.42,77.24,66.56,27,0,2.48,clear sky
357,Kirakira,SB,2020-08-23 20:05:14,-10.45,161.92,79.57,81,100,8.21,moderate rain
358,Atasu,KZ,2020-08-23 20:04:24,48.68,71.64,61.86,47,86,8.72,overcast clouds
359,Ulaangom,MN,2020-08-23 20:09:32,49.98,92.07,55.31,64,100,1.52,overcast clouds
360,Deputatskiy,RU,2020-08-23 20:05:44,69.3,139.9,31.21,98,100,3.11,overcast clouds
361,Marzuq,YE,2020-08-23 20:09:32,14.4,46.47,83.84,43,100,7.36,overcast clouds
362,Seddon,AU,2020-08-23 20:09:32,-37.81,144.89,46.99,93,90,10.29,overcast clouds
363,Dembi Dolo,ET,2020-08-23 20:09:33,8.53,34.8,58.57,100,100,2.82,light rain
364,Cabinda,AO,2020-08-23 20:09:33,-5.55,12.2,74.48,88,39,6.67,scattered clouds
365,Palaikastron,GR,2020-08-23 20:09:33,35.2,26.25,82.0,45,0,8.01,clear sky
366,Talnakh,RU,2020-08-23 20:05:14,69.49,88.4,57.2,82,100,13.42,overcast clouds
367,Lufilufi,WS,2020-08-23 20:05:51,-13.87,-171.6,77.0,94,40,27.34,scattered clouds
368,Ebeltoft,DK,2020-08-23 20:09:34,56.19,10.68,60.8,82,21,9.17,few clouds
369,Berlevag,NO,2020-08-23 20:06:06,70.86,29.09,59.0,87,100,3.36,light rain
370,Chaumont,FR,2020-08-23 20:09:34,48.12,5.13,61.0,64,1,2.57,clear sky
371,Lazaro Cardenas,MX,2020-08-23 20:09:35,17.96,-102.2,85.41,72,68,6.78,broken clouds
372,Itoman,JP,2020-08-23 20:09:35,26.12,127.67,82.4,88,75,29.97,light intensity shower rain
373,Tsiroanomandidy,MG,2020-08-23 20:09:35,-18.77,46.03,63.01,57,0,4.0,clear sky
374,Lasa,IT,2020-08-23 20:04:21,46.62,10.7,62.01,67,20,3.36,few clouds
375,Pisco,PE,2020-08-23 20:04:16,-13.7,-76.22,66.0,82,75,9.17,broken clouds
376,Lodja,CD,2020-08-23 20:09:36,-3.48,23.43,70.21,92,100,0.94,light rain
377,Carbonia,IT,2020-08-23 20:09:36,39.17,8.52,77.0,65,5,12.75,clear sky
378,Arroyo,ES,2020-08-23 20:09:36,41.61,-4.8,75.0,33,64,8.05,broken clouds
379,Parrita,CR,2020-08-23 20:05:34,9.52,-84.32,70.0,94,90,8.05,mist
380,Ha Tinh,VN,2020-08-23 20:09:37,18.33,105.9,80.96,76,92,7.92,overcast clouds
381,Belmonte,BR,2020-08-23 20:09:37,-15.86,-38.88,69.8,83,75,5.82,shower rain
382,Inyonga,TZ,2020-08-23 20:09:37,-6.72,32.07,67.17,44,1,4.18,clear sky
383,Muros,ES,2020-08-23 20:05:59,42.78,-9.06,70.0,70,1,5.99,clear sky
384,Mercedes,AR,2020-08-23 20:09:37,-34.65,-59.43,70.0,35,53,11.01,broken clouds
385,Paciran,ID,2020-08-23 20:09:37,-6.88,112.38,78.37,78,19,7.18,few clouds
386,Panguma,SL,2020-08-23 20:09:38,8.18,-11.13,71.38,100,100,3.85,light rain
387,Oranjemund,NA,2020-08-23 20:04:15,-28.55,16.43,54.54,89,1,7.78,clear sky
388,Bara,NG,2020-08-23 20:09:38,10.37,10.73,70.57,93,100,5.99,overcast clouds
389,Mulege,MX,2020-08-23 20:09:38,26.88,-111.98,95.74,37,0,12.03,clear sky
390,Kalach-Na-Donu,RU,2020-08-23 20:09:38,48.69,43.53,62.6,51,0,8.95,clear sky
391,Brownsville,US,2020-08-23 20:07:40,25.9,-97.5,89.01,48,1,10.29,clear sky
392,La Palma,US,2020-08-23 20:01:15,33.85,-118.05,93.0,55,1,6.93,clear sky
393,Petropavlovsk-Kamchatskiy,RU,2020-08-23 20:04:58,53.05,158.65,50.0,100,75,4.47,light intensity shower rain
394,Porosozero,RU,2020-08-23 20:09:39,62.72,32.73,57.63,87,73,7.16,broken clouds
395,Bud,US,2020-08-23 20:05:34,39.45,-86.18,86.0,58,75,5.32,broken clouds
396,Bethanien,NA,2020-08-23 20:09:39,-26.5,17.16,59.95,29,0,7.16,clear sky
397,Mashivka,UA,2020-08-23 20:09:39,49.44,34.87,64.17,49,0,4.5,clear sky
398,Araguaina,BR,2020-08-23 20:09:40,-7.19,-48.21,96.46,24,1,8.37,clear sky
399,Tatishchevo,RU,2020-08-23 20:09:40,51.67,45.6,64.0,44,0,4.0,clear sky
400,Maniitsoq,GL,2020-08-23 20:09:40,65.42,-52.9,45.61,87,40,5.39,scattered clouds
401,Dunedin,NZ,2020-08-23 20:09:40,-45.87,170.5,48.99,96,100,4.0,light rain
402,Shimoda,JP,2020-08-23 20:05:25,34.67,138.95,70.0,93,100,1.01,overcast clouds
403,Mapiri,BO,2020-08-23 20:09:41,-15.25,-68.17,81.46,41,53,4.59,broken clouds
404,Kieta,PG,2020-08-23 20:09:41,-6.22,155.63,76.66,83,100,5.79,light rain
405,Liberty,US,2020-08-23 20:09:41,31.83,-81.5,82.99,78,75,10.29,broken clouds
406,Kuloy,RU,2020-08-23 20:09:42,61.03,42.49,60.75,85,100,5.7,overcast clouds
407,Saurimo,AO,2020-08-23 20:08:15,-9.66,20.39,76.15,32,93,3.83,overcast clouds
408,Dzaoudzi,YT,2020-08-23 20:09:42,-12.79,45.27,71.6,88,66,5.82,broken clouds
409,Umm Lajj,SA,2020-08-23 20:09:43,25.02,37.27,83.7,58,0,3.49,clear sky
410,Tual,ID,2020-08-23 20:07:06,-5.67,132.75,78.82,78,81,17.13,broken clouds
411,Palenque,MX,2020-08-23 20:09:43,17.52,-91.97,89.6,70,75,8.05,broken clouds
412,Itaituba,BR,2020-08-23 20:09:44,-4.28,-55.98,97.61,26,80,2.95,broken clouds
413,Sinjar,IQ,2020-08-23 20:09:44,36.32,41.88,81.64,20,0,8.88,clear sky
414,Sao Felix Do Xingu,BR,2020-08-23 20:09:44,-6.64,-51.99,99.91,18,0,1.32,clear sky
415,Bubaque,GW,2020-08-23 20:05:25,11.28,-15.83,80.74,84,95,12.1,overcast clouds
416,Brae,GB,2020-08-23 20:06:06,60.4,-1.35,51.8,66,91,11.41,overcast clouds
417,Itarema,BR,2020-08-23 20:05:46,-2.92,-39.92,79.93,70,0,19.51,clear sky
418,Mahajanga,MG,2020-08-23 20:09:45,-15.72,46.32,73.4,73,32,5.82,scattered clouds
419,Kurri Kurri,AU,2020-08-23 20:09:45,-32.82,151.48,46.99,74,0,1.99,clear sky
420,Tukrah,LY,2020-08-23 20:09:45,32.53,20.58,77.68,77,0,9.1,clear sky
421,Anloga,GH,2020-08-23 20:09:46,5.79,0.9,77.0,83,20,11.41,few clouds
422,Inuvik,CA,2020-08-23 20:09:46,68.35,-133.72,66.2,55,75,9.17,broken clouds
423,Linhares,BR,2020-08-23 20:08:24,-19.39,-40.07,64.22,87,98,6.71,overcast clouds
424,Ambulu,ID,2020-08-23 20:09:46,-8.35,113.61,71.87,88,81,3.15,broken clouds
425,Sitka,US,2020-08-23 20:04:52,57.05,-135.33,60.8,77,90,4.7,overcast clouds
426,Fasa,IR,2020-08-23 20:09:46,28.94,53.65,80.6,30,7,4.41,clear sky
427,Smirnykh,RU,2020-08-23 20:09:47,49.75,142.83,54.36,93,87,0.45,overcast clouds
428,Marienburg,PL,2020-08-23 20:09:47,54.04,19.03,64.99,100,0,4.03,clear sky
429,Qui Nhon,VN,2020-08-23 20:09:47,13.77,109.23,79.27,81,100,5.32,overcast clouds
430,Cockburn Town,TC,2020-08-23 20:04:12,21.46,-71.14,84.29,81,100,26.96,overcast clouds
431,Yecuatla,MX,2020-08-23 20:09:47,19.87,-96.75,85.17,62,34,8.66,light rain
432,Pombia,IT,2020-08-23 20:09:48,45.65,8.63,81.0,61,0,3.36,light rain
433,Cheremukhovo,RU,2020-08-23 20:09:48,60.35,59.99,46.89,87,35,2.64,scattered clouds
434,Phan Thiet,VN,2020-08-23 20:09:48,10.93,108.1,77.52,87,71,6.69,broken clouds
435,Sambava,MG,2020-08-23 20:04:05,-14.27,50.17,70.54,82,90,11.92,light rain
436,Liverpool,GB,2020-08-23 20:09:30,53.41,-2.98,60.8,77,75,8.05,broken clouds
437,Zapolyarnyy,RU,2020-08-23 20:09:49,69.42,30.81,57.2,93,40,13.87,thunderstorm
438,Poya,NC,2020-08-23 20:09:49,-21.35,165.15,69.3,77,100,5.57,overcast clouds
439,Keuruu,FI,2020-08-23 20:09:49,62.27,24.7,59.0,82,75,4.7,light intensity shower rain
440,Iqaluit,CA,2020-08-23 19:59:23,63.75,-68.51,48.2,76,40,4.7,scattered clouds
441,San Rafael,AR,2020-08-23 20:09:50,-34.62,-68.33,69.26,20,0,8.28,clear sky
442,Ust-Uda,RU,2020-08-23 20:09:50,54.17,103.03,52.36,93,100,2.77,overcast clouds
443,Sisimiut,GL,2020-08-23 20:04:43,66.94,-53.67,47.12,76,5,4.85,clear sky
444,Saint Marys,US,2020-08-23 20:00:43,30.73,-81.55,82.99,60,90,14.99,moderate rain
445,Perene,PE,2020-08-23 20:09:50,-10.95,-75.23,86.49,38,21,6.02,few clouds
446,Gastonia,US,2020-08-23 20:05:42,35.26,-81.19,87.01,62,40,4.7,scattered clouds
447,Tapejara,BR,2020-08-23 20:09:51,-28.07,-52.01,60.42,78,0,8.77,clear sky
448,Sorland,NO,2020-08-23 20:09:51,67.67,12.69,51.8,81,75,6.93,broken clouds
449,Zirgan,RU,2020-08-23 20:09:51,53.22,55.92,51.62,91,0,3.87,clear sky
450,Aldan,RU,2020-08-23 20:09:51,58.6,125.39,37.33,80,0,1.3,clear sky
451,Bantogon,PH,2020-08-23 20:09:52,6.53,124.03,76.84,81,3,5.26,clear sky
452,Ruiz,MX,2020-08-23 20:09:52,21.95,-105.15,82.4,69,75,6.91,broken clouds
453,Kudahuvadhoo,MV,2020-08-23 20:05:19,2.67,72.89,83.3,70,100,4.9,light rain
454,Ancud,CL,2020-08-23 20:05:48,-41.87,-73.82,48.2,87,90,12.75,overcast clouds
455,Westport,US,2020-08-23 20:02:03,41.14,-73.36,86.0,69,1,9.17,clear sky
456,Mount Isa,AU,2020-08-23 20:05:37,-20.73,139.5,42.8,45,0,3.36,clear sky
457,Lahad Datu,MY,2020-08-23 20:09:53,5.03,118.33,75.0,92,8,3.22,light rain
458,Atagay,RU,2020-08-23 20:09:53,55.1,99.39,50.65,84,28,3.47,scattered clouds
459,Saint-Louis,SN,2020-08-23 20:09:53,16.33,-15.0,95.0,53,20,4.7,few clouds
460,Jasper,US,2020-08-23 20:06:27,37.2,-94.35,91.99,41,20,4.7,few clouds
461,Loandjili,CG,2020-08-23 20:09:54,-4.76,11.86,75.2,83,90,5.82,overcast clouds
462,Kaya,BF,2020-08-23 20:09:54,13.09,-1.08,80.65,72,5,8.79,clear sky
463,Chapais,CA,2020-08-23 20:05:03,49.78,-74.85,68.0,49,75,6.93,broken clouds
464,Batesville,US,2020-08-23 20:09:54,35.77,-91.64,93.99,46,75,8.05,broken clouds
465,Vardo,NO,2020-08-23 19:59:46,70.37,31.11,55.4,93,95,14.99,light rain
466,Novoilinsk,RU,2020-08-23 20:09:54,51.68,108.71,55.63,87,100,4.88,light rain
467,Goderich,CA,2020-08-23 20:09:55,43.75,-81.72,90.0,47,0,1.99,clear sky
468,Tucuman,AR,2020-08-23 20:08:06,-26.82,-65.22,75.2,17,90,11.41,smoke
469,Pafos,CY,2020-08-23 20:09:55,34.77,32.42,75.2,64,0,6.93,clear sky
470,Wicklow,IE,2020-08-23 20:09:55,53.0,-6.42,59.0,77,75,14.99,broken clouds
471,Qena,EG,2020-08-23 20:09:55,26.16,32.72,89.6,25,0,3.36,clear sky
472,Avera,US,2020-08-23 20:05:11,33.19,-82.53,82.0,71,90,3.36,overcast clouds
473,Erenhot,CN,2020-08-23 20:04:24,43.65,111.98,64.98,64,0,9.13,clear sky
474,Juneau,US,2020-08-23 20:09:16,58.3,-134.42,57.0,93,90,5.82,moderate rain
475,Gigmoto,PH,2020-08-23 20:05:35,13.78,124.39,80.64,80,100,4.16,overcast clouds
476,Riviere-Au-Renard,CA,2020-08-23 20:09:56,49.0,-64.4,64.4,55,75,6.93,shower rain
477,Phuket,TH,2020-08-23 20:07:39,8.0,98.25,84.0,94,20,5.1,few clouds
478,Celestun,MX,2020-08-23 20:09:56,20.87,-90.4,86.25,68,32,11.79,scattered clouds
479,Constantine,DZ,2020-08-23 20:06:05,36.37,6.61,78.8,61,20,9.17,few clouds
480,Clifton Springs,AU,2020-08-23 20:09:57,-38.15,144.57,42.8,100,90,10.29,overcast clouds
481,Iwaki,JP,2020-08-23 20:05:48,37.05,140.88,77.0,94,84,5.53,broken clouds
482,Isangel,VU,2020-08-23 20:04:54,-19.55,169.27,77.23,85,18,4.85,few clouds
483,Secunda,ZA,2020-08-23 20:09:58,-26.55,29.17,51.01,53,0,5.5,clear sky
484,Domoni,KM,2020-08-23 20:04:31,-12.26,44.53,74.93,72,96,2.17,overcast clouds
485,Durham,US,2020-08-23 20:05:53,36.03,-78.87,89.01,58,75,11.41,broken clouds
486,Saryg-Sep,RU,2020-08-23 20:09:58,51.5,95.6,50.56,55,100,3.09,overcast clouds
487,Hengyang,CN,2020-08-23 20:09:58,26.89,112.61,80.17,81,0,2.77,clear sky
488,Dukat,RU,2020-08-23 20:03:59,62.55,155.55,32.0,98,100,3.33,overcast clouds
489,Ngunguru,NZ,2020-08-23 20:05:52,-35.62,174.5,55.0,3,78,8.99,broken clouds
490,Henties Bay,NA,2020-08-23 19:59:21,-22.12,14.28,57.99,86,0,5.01,clear sky
491,Gao,ML,2020-08-23 20:09:59,16.64,1.64,96.24,31,96,4.79,overcast clouds
492,Taber,CA,2020-08-23 20:09:59,49.82,-112.15,75.2,29,20,2.24,few clouds
493,Wagga Wagga,AU,2020-08-23 20:09:59,-35.12,147.37,37.4,100,2,5.82,clear sky
494,Denia,ES,2020-08-23 20:10:00,38.84,0.11,82.0,76,9,7.7,clear sky
495,Casimiro Castillo,MX,2020-08-23 20:10:00,19.6,-104.43,91.4,66,40,11.41,scattered clouds
496,Kodinsk,RU,2020-08-23 20:10:00,58.69,99.18,52.48,90,9,1.99,clear sky
497,Wanning,CN,2020-08-23 20:10:00,18.8,110.4,79.83,87,90,9.73,overcast clouds
498,Masterton,NZ,2020-08-23 20:10:01,-40.96,175.66,55.0,91,100,7.0,overcast clouds
499,Tubuala,PA,2020-08-23 20:10:01,9.52,-79.03,80.6,83,40,9.17,light rain
500,Sibu,MY,2020-08-23 20:10:01,2.3,111.82,73.4,100,40,1.52,thunderstorm with light rain
501,Coquimbo,CL,2020-08-23 20:05:24,-29.95,-71.34,57.2,58,90,12.75,overcast clouds
502,Ejido,VE,2020-08-23 20:10:02,8.55,-71.24,75.18,61,78,3.62,moderate rain
503,Saint-Francois,FR,2020-08-23 20:10:02,46.42,3.91,64.4,59,0,3.36,clear sky
504,Kuching,MY,2020-08-23 20:10:02,1.55,110.33,78.8,88,40,3.36,thunderstorm with light rain
505,Dudinka,RU,2020-08-23 20:05:02,69.41,86.18,57.2,82,100,13.42,overcast clouds
506,Zhezkazgan,KZ,2020-08-23 20:10:03,47.8,67.71,70.16,32,100,8.43,overcast clouds
507,Saint-Georges,GD,2020-08-23 20:09:59,12.06,-61.75,86.0,74,20,8.05,few clouds
508,Biskamzha,RU,2020-08-23 20:10:03,53.45,89.53,47.14,90,54,3.31,broken clouds
509,Road Town,VG,2020-08-23 20:10:03,18.42,-64.62,87.8,74,40,11.41,scattered clouds
510,Takhtamygda,RU,2020-08-23 20:10:04,54.1,123.57,51.87,91,100,6.06,light rain
511,Banda Aceh,ID,2020-08-23 20:10:04,5.56,95.32,80.31,78,69,5.66,broken clouds
512,Quanzhou,CN,2020-08-23 20:10:04,24.91,118.59,82.4,88,6,4.47,clear sky
513,Mazatlan,MX,2020-08-23 20:07:17,23.22,-106.42,87.8,74,75,3.36,broken clouds
514,Tabat,ID,2020-08-23 20:10:04,-2.63,115.23,71.74,74,0,0.96,clear sky
515,Yongan,CN,2020-08-23 20:10:04,39.7,113.69,59.52,87,97,5.57,overcast clouds
516,Na Wa,TH,2020-08-23 20:10:05,17.49,104.1,76.05,91,100,7.31,light rain
517,Camacha,PT,2020-08-23 20:10:05,33.08,-16.33,73.4,78,40,13.87,scattered clouds
518,Chitral,PK,2020-08-23 20:10:05,35.85,71.79,76.15,55,8,4.43,clear sky
519,Mustasaari,FI,2020-08-23 20:09:25,63.11,21.68,61.0,87,20,3.36,few clouds
520,Kisangani,CD,2020-08-23 20:05:55,0.52,25.2,69.35,95,100,1.19,overcast clouds
521,Broken Hill,AU,2020-08-23 20:04:15,-31.95,141.43,39.2,85,3,4.7,clear sky
522,Bonfim,BR,2020-08-23 20:08:18,3.08,-59.95,87.08,57,40,4.38,light rain
523,Campbell River,CA,2020-08-23 20:10:06,50.02,-125.24,64.4,63,90,6.93,overcast clouds
524,Tilichiki,RU,2020-08-23 20:05:24,60.47,166.1,47.41,82,84,5.41,broken clouds
525,Mehamn,NO,2020-08-23 19:59:57,71.04,27.85,55.4,87,100,3.36,overcast clouds
526,Kirando,TZ,2020-08-23 20:10:06,-7.42,30.6,75.45,52,78,5.79,broken clouds
527,Pangnirtung,CA,2020-08-23 20:06:07,66.15,-65.71,42.8,93,75,4.7,fog
528,Kamra,PK,2020-08-23 20:10:07,33.75,73.51,84.0,94,20,9.17,mist
529,Barcelos,PT,2020-08-23 20:02:54,41.54,-8.62,73.0,82,7,6.93,clear sky
530,Brainerd,US,2020-08-23 20:10:07,46.36,-94.2,84.99,51,1,3.36,clear sky
531,Goldap,PL,2020-08-23 20:07:50,54.31,22.3,60.78,82,33,5.3,scattered clouds
532,El Silencio,VE,2020-08-23 20:07:08,10.5,-66.92,81.0,54,8,1.32,moderate rain
533,Mushie,CD,2020-08-23 20:10:08,-3.02,16.9,76.33,76,100,3.74,light rain
534,Alyangula,AU,2020-08-23 20:05:07,-13.85,136.42,51.8,93,0,15.59,clear sky
535,Polunochnoye,RU,2020-08-23 20:10:08,60.87,60.42,46.94,90,37,2.75,scattered clouds
536,Comodoro Rivadavia,AR,2020-08-23 20:05:06,-45.87,-67.5,51.8,66,40,10.29,scattered clouds
537,Faya,SA,2020-08-23 20:10:08,18.39,42.45,71.6,88,74,4.7,broken clouds
538,Kiboga,UG,2020-08-23 20:10:08,0.92,31.77,64.98,82,19,1.63,few clouds
539,Punta Alta,AR,2020-08-23 20:09:40,-38.88,-62.07,62.15,43,3,16.46,clear sky
540,Quatre Cocos,MU,2020-08-23 20:04:57,-20.21,57.76,71.6,73,40,17.22,scattered clouds
541,Menongue,AO,2020-08-23 20:10:09,-14.66,17.69,61.3,33,80,2.77,broken clouds
542,Zakupne,UA,2020-08-23 20:10:09,49.12,26.34,72.0,67,100,3.0,light rain
543,Baytown,US,2020-08-23 20:10:09,29.74,-94.98,96.01,48,0,8.68,clear sky
544,Huai Thalaeng,TH,2020-08-23 20:10:10,15.0,102.65,75.04,90,99,6.93,overcast clouds
545,Lancaster,US,2020-08-23 20:08:18,40.25,-76.25,88.0,55,90,5.32,overcast clouds
546,Ewa Beach,US,2020-08-23 20:10:10,21.32,-158.01,84.2,62,40,6.93,scattered clouds
547,Sterling,US,2020-08-23 20:06:07,39.01,-77.43,91.0,58,40,9.17,scattered clouds
548,Yining,CN,2020-08-23 20:10:10,29.04,114.56,76.35,85,0,1.41,clear sky
549,Sao Joao Da Barra,BR,2020-08-23 20:05:32,-21.64,-41.05,71.6,60,40,16.11,scattered clouds
550,Surt,LY,2020-08-23 20:10:11,31.21,16.59,79.86,79,0,8.46,clear sky
551,Kalispell,US,2020-08-23 20:05:50,48.2,-114.31,82.0,29,1,3.36,clear sky
552,Keffi,NG,2020-08-23 20:10:12,8.85,7.87,72.57,90,100,2.82,light rain
553,Riberalta,BO,2020-08-23 20:10:13,-10.98,-66.1,90.07,30,0,2.01,clear sky
554,Markova,UA,2020-08-23 20:10:13,48.68,24.41,68.0,88,75,6.71,broken clouds
555,Pathein,MM,2020-08-23 20:10:13,16.78,94.73,76.82,92,100,4.76,light rain
556,Vestmanna,FO,2020-08-23 20:10:14,62.16,-7.17,46.4,81,58,8.05,broken clouds
557,Kardailovo,RU,2020-08-23 20:10:14,51.54,53.9,57.81,72,0,6.93,clear sky
558,Chak Jhumra,PK,2020-08-23 20:10:14,31.57,73.18,88.05,56,0,7.11,clear sky
559,Prata,BR,2020-08-23 20:10:14,-19.31,-48.92,81.18,35,36,1.83,scattered clouds
560,Okha,RU,2020-08-23 20:10:14,53.57,142.95,48.65,92,6,1.72,clear sky
561,Katobu,ID,2020-08-23 20:10:15,-4.94,122.53,70.74,93,22,3.49,few clouds
562,Nara,JP,2020-08-23 20:10:15,34.69,135.8,82.0,51,0,1.9,clear sky
563,Tatarsk,RU,2020-08-23 20:10:16,55.22,75.98,51.08,94,17,5.48,few clouds
564,Teguldet,RU,2020-08-23 20:10:16,57.31,88.17,50.95,96,73,2.28,broken clouds
565,Alofi,NU,2020-08-23 20:05:27,-19.06,-169.92,77.0,78,97,10.29,overcast clouds
566,Washington,US,2020-08-23 20:10:16,47.5,-120.5,84.99,30,0,4.83,clear sky
567,Umtata,ZA,2020-08-23 20:10:17,-31.59,28.78,53.6,81,0,6.93,clear sky
568,Soyo,AO,2020-08-23 20:10:17,-6.13,12.37,73.6,90,43,5.46,scattered clouds
569,Norwich,GB,2020-08-23 20:10:17,52.63,1.3,62.01,87,100,8.05,light rain
570,Gisborne,NZ,2020-08-23 20:10:18,-38.65,178.0,55.4,69,0,14.56,clear sky
571,Bama,NG,2020-08-23 20:10:18,11.52,13.69,74.14,85,98,9.93,overcast clouds
572,Devils Lake,US,2020-08-23 20:10:19,48.11,-98.87,71.6,78,20,9.17,thunderstorm
573,Ucluelet,CA,2020-08-23 20:10:19,48.93,-125.55,63.0,77,75,5.82,broken clouds
574,Eyl,SO,2020-08-23 20:10:19,7.98,49.82,76.26,73,19,25.48,few clouds
575,Kiruna,SE,2020-08-23 20:06:30,67.86,20.23,53.6,81,81,5.82,drizzle
576,Parana,AR,2020-08-23 20:10:19,-31.73,-60.52,73.0,25,0,15.01,clear sky
577,Yarada,IN,2020-08-23 20:04:50,17.65,83.27,82.4,94,75,5.82,mist
578,Talara,PE,2020-08-23 20:04:11,-4.58,-81.27,65.61,74,1,17.63,clear sky
579,Knyaze-Volkonskoye,RU,2020-08-23 20:10:20,48.46,135.46,59.0,93,100,4.47,overcast clouds
580,Pilar,BR,2020-08-23 20:10:20,-9.6,-35.96,80.6,65,20,10.29,few clouds
581,Ornskoldsvik,SE,2020-08-23 20:05:55,63.29,18.72,51.8,81,95,3.36,overcast clouds
582,Madang,PG,2020-08-23 20:10:20,-5.22,145.8,76.5,89,99,3.6,light rain
583,Champoton,MX,2020-08-23 20:10:20,19.35,-90.72,80.6,100,75,5.82,light rain
584,Khash,IR,2020-08-23 20:10:21,28.22,61.22,75.54,67,0,3.89,clear sky
585,Strezhevoy,RU,2020-08-23 20:10:21,60.73,77.59,53.6,100,20,2.24,few clouds
586,Eureka,US,2020-08-23 20:06:46,40.8,-124.16,70.0,82,90,8.05,haze
587,Clyde River,CA,2020-08-23 20:04:12,70.47,-68.59,43.54,83,100,5.53,overcast clouds
588,Zambezi,ZM,2020-08-23 20:10:21,-13.54,23.1,66.92,29,0,5.03,clear sky
589,Buraydah,SA,2020-08-23 20:07:26,26.33,43.98,96.8,20,0,5.82,clear sky
590,Mumford,GH,2020-08-23 20:10:22,5.26,-0.76,73.56,90,11,8.23,few clouds
591,Agucadoura,PT,2020-08-23 20:10:22,41.43,-8.78,73.0,82,0,6.93,clear sky
592,Rovenki,UA,2020-08-23 20:10:22,48.08,39.38,61.21,51,0,4.88,clear sky
593,Mitsamiouli,KM,2020-08-23 20:05:04,-11.38,43.28,75.92,70,5,1.7,clear sky
594,Ternate,ID,2020-08-23 20:10:23,0.8,127.4,79.41,82,75,2.39,light rain
595,Olinda,BR,2020-08-23 20:10:23,-8.01,-34.86,78.8,69,20,9.17,few clouds
596,Prince Rupert,CA,2020-08-23 20:05:57,54.32,-130.32,60.8,82,90,8.05,overcast clouds
597,Safaga,EG,2020-08-23 20:10:23,26.73,33.94,87.8,52,0,0.38,clear sky
598,Linxia,CN,2020-08-23 20:10:23,35.6,103.21,53.53,70,0,2.73,clear sky
599,Mkushi,ZM,2020-08-23 20:10:24,-13.62,29.39,58.57,64,54,8.75,broken clouds
600,Tiznit,MA,2020-08-23 20:06:00,29.58,-9.5,91.78,24,54,1.54,broken clouds
601,Saint-Joseph,RE,2020-08-23 20:10:24,-21.37,55.62,66.2,77,17,6.93,few clouds
602,San Borja,BO,2020-08-23 20:10:24,-14.82,-66.85,81.86,37,0,4.72,clear sky
603,Arari,BR,2020-08-23 20:10:24,-3.45,-44.78,86.83,60,97,4.21,light rain
604,Necochea,AR,2020-08-23 20:04:00,-38.55,-58.74,64.99,43,0,15.01,clear sky
605,Aspindza,GE,2020-08-23 20:10:25,41.57,43.25,52.84,80,7,2.19,clear sky
606,Kez,RU,2020-08-23 20:10:25,57.9,53.72,53.44,94,0,2.98,clear sky
607,Forestville,US,2020-08-23 20:10:25,38.85,-76.88,91.99,55,1,8.05,clear sky
608,Nowy Targ,PL,2020-08-23 20:09:37,49.48,20.03,60.01,93,17,4.7,few clouds
609,Vilhena,BR,2020-08-23 20:10:25,-12.74,-60.15,87.8,35,18,5.82,few clouds
610,Makueni,KE,2020-08-23 20:06:08,-1.8,37.62,64.81,78,89,11.12,overcast clouds
611,Zhicheng,CN,2020-08-23 20:10:26,30.3,111.5,81.0,90,0,2.8,clear sky
612,Byron Bay,AU,2020-08-23 20:10:26,-28.65,153.62,50.0,59,0,9.17,clear sky
613,Havre-Saint-Pierre,CA,2020-08-23 20:03:58,50.23,-63.6,60.8,63,75,13.87,broken clouds
614,Charters Towers,AU,2020-08-23 20:10:26,-20.1,146.27,50.97,43,52,7.61,broken clouds
615,Ruteng,ID,2020-08-23 20:10:26,-8.61,120.47,59.11,100,99,1.21,overcast clouds
616,Kuressaare,EE,2020-08-23 20:10:27,58.25,22.5,66.2,77,40,10.29,scattered clouds
617,Sanguem,IN,2020-08-23 20:10:27,15.23,74.17,78.8,100,75,4.7,mist
618,Edirne,TR,2020-08-23 20:07:30,41.68,26.56,69.01,66,0,4.38,clear sky
619,Hit,IQ,2020-08-23 20:10:27,33.64,42.83,86.99,19,0,12.1,clear sky
620,Makinsk,KZ,2020-08-23 20:10:14,52.63,70.42,49.96,93,0,5.73,clear sky
621,Neiafu,TO,2020-08-23 20:10:28,-18.65,-173.98,77.0,83,40,10.29,scattered clouds
622,Scarborough,GB,2020-08-23 20:10:28,54.28,-0.4,59.0,84,32,3.0,light rain
623,Ginda,IN,2020-08-23 20:10:28,30.69,78.49,65.26,88,88,0.87,light rain
624,Careiro Da Varzea,BR,2020-08-23 20:10:28,-3.2,-59.81,86.0,58,40,6.93,scattered clouds
625,Ouadda,CF,2020-08-23 20:10:28,8.08,22.4,68.05,95,100,3.38,overcast clouds
626,Pueblo Nuevo,MX,2020-08-23 20:10:29,23.38,-105.38,78.94,52,26,0.54,light rain
627,Xuanwu,CN,2020-08-23 20:10:29,32.07,118.81,82.99,78,0,4.47,clear sky
628,Jishou,CN,2020-08-23 20:10:29,28.32,109.72,75.69,88,0,1.54,clear sky
629,Kontagora,NG,2020-08-23 20:05:32,10.4,5.47,73.36,94,100,4.05,moderate rain
630,Beloha,MG,2020-08-23 20:05:29,-25.17,45.05,65.91,86,0,4.65,clear sky
631,Kenora,CA,2020-08-23 20:10:30,49.82,-94.43,73.4,69,75,10.29,broken clouds
632,Yeppoon,AU,2020-08-23 20:10:30,-23.13,150.73,42.8,75,0,4.99,clear sky
633,Odweyne,SO,2020-08-23 20:10:30,9.41,45.06,73.72,54,69,16.96,broken clouds
634,Ketchikan,US,2020-08-23 20:06:12,55.34,-131.65,57.2,100,90,9.17,light rain
635,Mobai,SL,2020-08-23 20:10:30,7.99,-10.75,72.39,97,100,4.27,light rain
636,Baykit,RU,2020-08-23 20:07:32,61.67,96.37,51.13,87,0,1.83,clear sky
637,Pascagoula,US,2020-08-23 20:10:31,30.37,-88.56,91.4,55,40,11.41,scattered clouds
638,Praia,CV,2020-08-23 20:05:38,14.92,-23.51,84.2,70,75,9.17,broken clouds
639,Solikamsk,RU,2020-08-23 20:10:31,59.62,56.77,49.71,92,6,2.06,clear sky
640,Seymchan,RU,2020-08-23 20:10:31,62.88,152.43,38.14,77,99,6.8,overcast clouds
641,Lasem,ID,2020-08-23 20:10:31,-6.69,111.45,76.69,79,73,6.58,broken clouds
642,Yinchuan,CN,2020-08-23 20:10:32,38.47,106.27,65.79,60,0,6.55,clear sky
643,Idenao,CM,2020-08-23 20:10:32,4.25,9.0,74.23,83,100,3.0,light rain
644,Muncar,ID,2020-08-23 20:10:32,-8.43,114.33,71.49,88,97,0.89,overcast clouds
645,Lisakovsk,KZ,2020-08-23 20:10:32,52.54,62.49,54.41,83,0,5.64,clear sky
646,Auka,HN,2020-08-23 20:10:32,14.93,-83.83,91.4,66,40,9.17,scattered clouds
647,Tabas,IR,2020-08-23 20:10:33,33.6,56.92,95.0,17,0,4.7,clear sky
648,Turki,RU,2020-08-23 20:10:33,51.99,43.27,56.68,68,0,1.79,clear sky
649,Rachitoasa,RO,2020-08-23 20:10:33,46.43,27.37,75.2,64,0,9.17,clear sky
650,La Rioja,ES,2020-08-23 20:10:02,42.25,-2.5,71.6,53,97,1.12,overcast clouds
651,Jinchang,CN,2020-08-23 20:10:35,38.5,102.17,68.45,36,0,9.35,clear sky
652,Tabou,CI,2020-08-23 20:04:22,4.42,-7.35,76.23,81,99,8.88,overcast clouds
653,Masca,RO,2020-08-23 20:10:35,46.3,21.68,69.8,94,20,2.24,few clouds
654,Khilok,RU,2020-08-23 20:04:19,51.37,110.47,52.63,90,100,4.76,overcast clouds
655,Trebisacce,IT,2020-08-23 20:10:35,39.87,16.53,78.01,67,0,8.01,clear sky
656,Kholodnyy,RU,2020-08-23 20:10:36,62.72,147.95,33.58,89,7,2.3,clear sky
657,Dagana,MR,2020-08-23 20:10:36,16.52,-15.51,95.0,53,20,4.7,few clouds
658,Labytnangi,RU,2020-08-23 20:05:25,66.66,66.42,52.07,84,80,4.81,broken clouds
659,Mareeba,AU,2020-08-23 20:05:38,-17.0,145.43,59.0,77,49,4.7,scattered clouds
660,Sakakah,SA,2020-08-23 20:10:36,29.97,40.21,91.4,18,0,8.05,clear sky
661,Bima,ID,2020-08-23 20:10:37,-8.47,118.72,71.98,86,12,3.33,few clouds
662,Dingle,PH,2020-08-23 20:04:34,11.0,122.67,76.37,87,86,0.47,overcast clouds
663,Nanakuli,US,2020-08-23 20:10:37,21.39,-158.15,84.2,62,40,6.93,scattered clouds
664,Kaili,ID,2020-08-23 20:10:37,-3.46,120.21,66.99,76,11,2.26,few clouds
665,Auki,SB,2020-08-23 20:05:16,-8.77,160.7,77.63,85,69,3.98,broken clouds
666,Severo-Yeniseyskiy,RU,2020-08-23 20:10:38,60.37,93.04,46.74,94,51,2.73,broken clouds
667,Guerrero,MX,2020-08-23 20:10:38,17.67,-100.0,77.07,77,99,1.54,moderate rain
668,Gamba,GA,2020-08-23 20:03:59,-2.65,10.0,73.45,82,75,6.82,broken clouds
669,Voroshnevo,RU,2020-08-23 20:10:38,51.65,36.02,62.6,63,46,2.24,scattered clouds
670,College,US,2020-08-23 20:10:38,64.86,-147.8,63.0,72,75,0.94,broken clouds
671,Naberera,TZ,2020-08-23 20:10:38,-4.2,36.93,60.17,89,42,13.6,scattered clouds
672,Bajah,YE,2020-08-23 20:10:39,13.81,44.63,80.55,51,100,3.36,overcast clouds
673,Sobolevo,RU,2020-08-23 20:10:39,54.43,31.9,61.57,77,97,10.67,overcast clouds
674,Mirador,BR,2020-08-23 20:10:39,-6.37,-44.36,95.58,24,40,7.4,scattered clouds
675,Ilinskiy,RU,2020-08-23 20:10:39,55.62,38.12,66.0,77,100,2.24,overcast clouds
